<?xml version="1.0" encoding="utf-8"?>
<eml:eml xmlns:eml="eml://ecoinformatics.org/eml-2.1.1" xmlns:xsi="http://www.w3.org/2001/XMLSchema-instance"
         xsi:schemaLocation="eml://ecoinformatics.org/eml-2.1.1 http://rs.gbif.org/schema/eml-gbif-profile/1.1/eml.xsd"
        packageId="4f64b039-c97e-4468-b122-fd7209b613d3"  system="http://gbif.org" scope="system"
  xml:lang="en">

<dataset>
      <alternateIdentifier>10.15468/68yue4</alternateIdentifier>
        <alternateIdentifier>FFD039591E47FF7CFFF3FFBB1F072251</alternateIdentifier>
    <title>Ochotonidae</title>
    <creator>
    <individualName>
          <surName>Don E. Wilson</surName>
    </individualName>
    </creator>
    <creator>
    <individualName>
<givenName>Jr</givenName>          <surName>Thomas E. Lacher</surName>
    </individualName>
    </creator>
    <creator>
    <individualName>
          <surName>Russell A. Mittermeier</surName>
    </individualName>
    </creator>
    <metadataProvider>
    <individualName>
          <surName>carolina</surName>
    </individualName>
<organizationName>Plazi</organizationName>    </metadataProvider>
    <associatedParty>
<organizationName>Plazi</organizationName>    <address>
<city>Bern</city><country>SWITZERLAND</country>    </address>
<electronicMailAddress>info@plazi.org</electronicMailAddress><onlineUrl>http://plazi.org/</onlineUrl>    <role>PUBLISHER</role>
    </associatedParty>
      <pubDate>
      2016-07-31
      </pubDate>
    <language>ENGLISH</language>
    <abstract>
        <para>This dataset contains the digitized treatments in Plazi based on the original book chapter Don E. Wilson, Thomas E. Lacher, Jr, Russell A. Mittermeier (2016): Ochotonidae. In: Handbook of the Mammals of the World – Volume 6 Lagomorphs and Rodents I. Barcelona: Lynx Edicions: 28-43, ISBN: 978-84-941892-3-4, DOI: http://doi.org/10.5281/zenodo.6619785</para>
    </abstract>
      <intellectualRights>
        <para>To the extent possible under law, the publisher has waived all rights to these data and has dedicated them to the <ulink url="http://creativecommons.org/publicdomain/zero/1.0/legalcode"><citetitle>Public Domain (CC0 1.0)</citetitle></ulink>. Users may copy, modify, distribute and use the work, including for commercial purposes, without restriction.</para>
      </intellectualRights>
      <distribution scope="document">
          <online>
              <url function="information">http://tb.plazi.org/GgServer/summary/FFD039591E47FF7CFFF3FFBB1F072251</url>
          </online>
      </distribution>
      <contact>
    <individualName>
<givenName>Guido</givenName>          <surName>Sautter</surName>
    </individualName>
<electronicMailAddress>gsautter@gmail.com</electronicMailAddress><onlineUrl>http://plazi.org</onlineUrl>      </contact>

</dataset>

<additionalMetadata>
    <metadata>
      <gbif>
        <dateStamp>2022-10-31T22:38:56Z</dateStamp>
      <citation>Don E. Wilson, Thomas E. Lacher J, Russell A. Mittermeier, carolina (2016). Ochotonidae. Plazi.org taxonomic treatments database. Checklist dataset https://doi.org/10.15468/68yue4 accessed via GBIF.org on 2022-10-31.</citation>
      </gbif>
    </metadata>
</additionalMetadata>

</eml:eml>
