<?xml version="1.0" encoding="utf-8"?>
<eml:eml xmlns:eml="eml://ecoinformatics.org/eml-2.1.1" xmlns:xsi="http://www.w3.org/2001/XMLSchema-instance"
         xsi:schemaLocation="eml://ecoinformatics.org/eml-2.1.1 http://rs.gbif.org/schema/eml-gbif-profile/1.1/eml.xsd"
        packageId="10.15468/dl.wrbnjg"  system="http://gbif.org" scope="system"
  xml:lang="en">

<dataset>
        <alternateIdentifier>0132868-220831081235567</alternateIdentifier>
    <title>GBIF Occurrence Download 10.15468/dl.wrbnjg</title>
    <creator>
    <individualName>
          <surName>GBIF Download Service</surName>
    </individualName>
<electronicMailAddress>support@gbif.org</electronicMailAddress>    </creator>
    <metadataProvider>
    <individualName>
          <surName>GBIF Download Service</surName>
    </individualName>
<electronicMailAddress>support@gbif.org</electronicMailAddress>    </metadataProvider>
      <pubDate>
      2022-10-31
      </pubDate>
    <language>ENGLISH</language>
    <abstract>
        <para>A dataset containing all occurrences available in GBIF matching the query:
{
  &quot;TaxonKey&quot; : [
    &quot;is Ochotona collaris (Nelson, 1893)&quot;
  ]
}
The dataset includes records from the following constituent datasets. The full metadata for each constituent is also included in this archive:
1 records from Observation.org, Nature data from around the World
1 records from Mammalia (Luomus)
1 records from CUMV Mammal Collection
1 records from Cowan Tetrapod Collection - Mammals
1 records from Ochotonidae
2 records from UCLA Donald R. Dickey Bird and Mammal Collection
2 records from UMNH Mammals Collection (Arctos)
2 records from USGS GAP - Alaska - Vertebrates - 1867-2009
2 records from California State University, Long Beach Mammals
2 records from Museum of Comparative Zoology, Harvard University
3 records from Palaeobiology - Vertebrate Comparative Osteology Collection - Royal Ontario Museum
3 records from University of Michigan Museum of Zoology, Division of Mammals
4 records from UCM Mammal Collection (Arctos)
4 records from Mammalogy Collection - Royal Ontario Museum
4 records from University of Wyoming Museum of Vertebrates (UWYMV) Mammal Collection (Arctos)
4 records from International Barcode of Life project (iBOL)
4 records from HSU Vertebrate Museum Mammals Collection
5 records from ISM Mammalogy Collection
5 records from Field Museum of Natural History (Zoology) Mammal Collection
7 records from Canadian Museum of Nature Fossil Vertebrate Collection
8 records from Mammals Specimens
8 records from Biodiversity Research and Teaching Collections - TCWC Vertebrates
9 records from University of Alberta Museum of Zoology Mammalogy Collection (UAMZ)
9 records from PSM Vertebrates Collection
10 records from UWBM Mammalogy Collection (Arctos)
10 records from Vertebrate Zoology Division - Mammalogy, Yale Peabody Museum
16 records from MVZ Mammal Collection (Arctos)
17 records from KUBI Mammalogy Collection
19 records from AMNH Mammal Collections
40 records from LSUMZ Mammal Tissues
49 records from MSB Host Collection (Arctos)
71 records from INSDC Sequences
92 records from MSB Mammal Collection (Arctos)
105 records from Canadian Museum of Nature Mammal Collection
130 records from NMNH Extant Specimen Records (USNM, US)
170 records from iNaturalist Research-grade Observations
186 records from NatureServe Network Species Occurrence Data
385 records from UAM Mammal Collection (Arctos)</para>
    </abstract>
      <contact>
    <individualName>
          <surName>GBIF Download Service</surName>
    </individualName>
<electronicMailAddress>support@gbif.org</electronicMailAddress>      </contact>

</dataset>

<additionalMetadata>
    <metadata>
      <gbif>
        <dateStamp>2022-10-31T22:38:59Z</dateStamp>
      <citation identifier="10.15468/dl.wrbnjg">GBIF Occurrence Download 10.15468/dl.wrbnjg</citation>
              <physical>
                  <objectName>Darwin Core Archive</objectName>
                  <characterEncoding>UTF-8</characterEncoding>
                  <dataFormat>
                      <externallyDefinedFormat>
                          <formatName>Darwin Core Archive</formatName>
                      </externallyDefinedFormat>
                  </dataFormat>
                  <distribution>
                      <online>
                          <url function="download">https://api.gbif.org/v1/occurrence/download/request/0132868-220831081235567.zip</url>
                      </online>
                  </distribution>
              </physical>
      </gbif>
    </metadata>
</additionalMetadata>

</eml:eml>
